pelare,mal_url,rubrik,beskrivning,alt_text,board,produkt_ref
Skönhet,https://smartartai.se/skonhet/bronzer-eller-brun-utan-sol,"Bronzer eller brun utan sol? Solkysst utan att sola","Bronzing drops ger en glow du sköljer av på kvällen. Brun-utan-sol ger en färg som håller i flera dagar. Elin jämför de två sätten att bli solkysst utan sol så du väljer rätt inför sommaren. Innehåller annonslänkar.","Bronzing drops jämfört med brun-utan-sol-mousse för en solkysst hud utan sol",Sommarskönhet & solkyssta tips,bronzer-eller-brun-utan-sol
Skönhet,https://smartartai.se/skonhet/aftersun-eller-aloe-vera,"Aftersun eller aloe vera? Vad huden vill ha efter sol","After sun-lotion är mjukgörande vård för hela kroppen. Aloe vera-gel ger en lättare, svalkande känsla. Elin jämför NIVEA After Sun och Naissance Aloe Vera så du vet vad som ska med i sommarväskan. Innehåller annonslänkar.","Aftersun-lotion jämfört med aloe vera-gel för hudvård efter en dag i solen",Sommarskönhet & solkyssta tips,aftersun-eller-aloe-vera
Skönhet,https://smartartai.se/skonhet/vaxremsor-eller-rakhyvel,"Vaxremsor eller rakhyvel? Slät i veckor eller snabbt nu","Vaxremsor drar bort håret med roten – slät i veckor, bra inför resan. Rakhyvel är snabbt och smärtfritt men håller bara några dagar. Elin jämför metoderna så du väljer rätt inför sommaren. Innehåller annonslänkar.","Vaxremsor jämfört med rakhyvel för hårborttagning inför sommaren",Sommarskönhet & solkyssta tips,vaxremsor-eller-rakhyvel
Skönhet,https://smartartai.se/skonhet/epilator-eller-rakhyvel,"Epilator eller rakhyvel? Vilken håller längst","En epilator drar upp håret med roten – slät i veckor. Rakhyveln är snabb och smärtfri men håret är tillbaka på några dagar. Elin jämför Braun Silk-épil 9 och en klassisk safety razor inför sommaren. Innehåller annonslänkar.","Epilator jämfört med rakhyvel för hårborttagning som håller längre",Sommarskönhet & solkyssta tips,epilator-eller-rakhyvel
Skönhet,https://smartartai.se/skonhet/tangle-teezer-eller-harborste,"Tangle Teezer eller hårborste? Skonsammast efter bad","Tangle Teezer glider genom tovor på torrt och fuktigt hår. Wet Brush har mjuka borst som är extra snälla mot blött hår efter bad och simning. Elin jämför de två så du reder ut trassel utan att slita på håret. Innehåller annonslänkar.","Tangle Teezer jämfört med Wet Brush-hårborste för att reda ut tovor skonsamt",Sommarskönhet & solkyssta tips,tangle-teezer-eller-harborste
Hälsa,https://smartartai.se/guider/tyst-flakt-sovrum,"Tyst fläkt för sovrummet – vilken ska du välja?","En fläkt som stör sömnen är fel fläkt. Elin går igenom vad som gör en fläkt sovrumsvänlig och jämför ett prisvärt värde-val mot det tysta premiumalternativet, så du sover svalt utan att vakna av surret. Innehåller annonslänkar.","Guide till tysta fläktar för sovrummet med jämförelse av värde- och premiumval",Svalka i sommarvärmen,tyst-flakt-sovrum
Hälsa,https://smartartai.se/halsa/handflakt-eller-bordsflakt,"Handfläkt eller bordsfläkt? Svalka på språng eller hemma","Handfläkten är liten, laddningsbar och ryms i väskan – svalka på festivalen eller bussen. Bordsfläkten ger en stadigare luftström vid skrivbordet eller sängen. Elin jämför så du väljer rätt fläkt för sommarvärmen. Innehåller annonslänkar.","Handhållen fläkt jämfört med bordsfläkt för svalka i sommarvärmen",Svalka i sommarvärmen,handflakt-eller-bordsflakt
Hälsa,https://smartartai.se/halsa/tornflakt-eller-bordsflakt,"Tornfläkt eller bordsfläkt? Hela rummet eller punktkyla","Tornfläkten oscillerar och sprider svalkan brett över hela sovrummet. Bordsfläkten ger riktad kyla precis där du sitter, till lägre pris. Elin jämför Midea FZ10 och Xiaomi bordsfläkt så du väljer rätt. Innehåller annonslänkar.","Tornfläkt jämfört med bordsfläkt för svalka hemma i sommarvärmen",Svalka i sommarvärmen,tornflakt-eller-bordsflakt
Hälsa,https://smartartai.se/halsa/dreo-cruiser-pro-eller-honeywell-ht900e,"Dreo Cruiser Pro eller Honeywell HT900E? Tystast vs starkast","Dreo Cruiser Pro är en tyst tornfläkt som svalkar hela sovrummet och kan stå på när du sover. Honeywell HT900E är en liten, kraftfull luftcirkulator till lägre pris. Elin jämför de två sommarfläktarna. Innehåller annonslänkar.","Dreo Cruiser Pro-tornfläkt jämfört med Honeywell HT900E-luftcirkulator",Svalka i sommarvärmen,dreo-cruiser-pro-eller-honeywell-ht900e
Hälsa,https://smartartai.se/halsa/termos-eller-vattenflaska,"Termos eller vattenflaska? Kall dryck eller dricka mer","En isolerad termos håller drycken kall i timmar på varma dagar. En motiverande vattenflaska med tidsmarkeringar peppar dig att dricka jämnt över dagen. Elin jämför Stanley termos och TWSOUL vattenflaska. Innehåller annonslänkar.","Isolerad termos jämfört med motiverande vattenflaska för att dricka mer vatten",Svalka i sommarvärmen,termos-eller-vattenflaska
Sommar & resa,https://smartartai.se/sommar/resa/kabinvaska-eller-ryggsack,"Kabinväska eller ryggsäck? Vad du ska välja som handbagage","Kabinväskan rullar smidigt och skyddar innehållet i hårt skal. Ryggsäcken rymmer mer och gör händerna fria i trappor och trånga tåg. Elin jämför Cabin Max och Taygeer så du packar rätt handbagage inför resan. Innehåller annonslänkar.","Hardcase-kabinväska jämfört med kabinryggsäck som handbagage på flyget",Packa smart – resetips,kabinvaska-eller-ryggsack
Sommar & resa,https://smartartai.se/sommar/resa/packkuber-eller-kompressionspasar,"Packkuber eller kompressionspåsar? Packa kabinväskan smart","Packkuber ger ordning och överblick i väskan. Kompressionspåsar pressar ut luften och sparar mest plats på skrymmande tröjor och jackor. Elin jämför de två packknepen så du får plats med mer. Innehåller annonslänkar.","Packkuber jämfört med kompressionspåsar för smart packning inför resan",Packa smart – resetips,packkuber-eller-kompressionspasar
Sommar & resa,https://smartartai.se/sommar/resa/strandfilt-eller-strandhandduk,"Strandfilt eller strandhandduk? Vad du packar till stranden","Strandfilten ger en stor, sandfri sittyta för hela sällskapet. Strandhandduken är den du faktiskt torkar dig med efter badet. Elin jämför AnorTrek och Utopia så du vet vad som ska med i strandväskan. Innehåller annonslänkar.","Sandfri strandfilt jämförd med mjuk strandhandduk i frotté för stranden",Packa smart – resetips,strandfilt-eller-strandhandduk
Sommar & resa,https://smartartai.se/sommar/resa/mikrofiberhandduk-eller-frottehandduk,"Mikrofiber eller frotté? Rätt handduk för resan och stranden","Mikrofiberhanduken är ultralätt, packar minimalt och torkar snabbt mellan baden. Frottéhandduken är mjukare mot huden men tar mer plats. Elin jämför Fit-Flip och Utopia så du väljer rätt resehandduk. Innehåller annonslänkar.","Mikrofiberhandduk jämfört med frottéhandduk för resa, gym och stranden",Packa smart – resetips,mikrofiberhandduk-eller-frottehandduk
Sommar & resa,https://smartartai.se/sommar/resa/mjuk-kylvaska-eller-hard-kylbox,"Kylväska eller kylbox? Sval dryck till stranden eller campingen","Kylryggsäcken bärs bekvämt till stranden och håller kylan i timmar. Den hårda kylboxen väger mer men håller kylan i flera dagar – perfekt för camping och långhelg. Elin jämför Lifewit och Coleman Xtreme ärligt. Innehåller annonslänkar.","Mjuk kylryggsäck jämfört med hård kylbox för sval dryck i sommarvärmen",Packa smart – resetips,mjuk-kylvaska-eller-hard-kylbox
Träning,https://smartartai.se/traning/hantlar-eller-gummiband,"Hantlar eller gummiband? Bäst för hemmaträning i sommar","Hantlar ger ett fast, tydligt motstånd som är lätt att öka i steg. Gummiband tar nästan ingen plats och är enkla att ta med på resan eller ut i trädgården. Elin jämför så du kommer igång med styrketräning hemma. Innehåller annonslänkar.","Hantlar jämförda med träningsgummiband för styrketräning hemma",Hemmaträning,hantlar-eller-gummiband
Träning,https://smartartai.se/traning/studsmatta-eller-hopprep,"Studsmatta eller hopprep? Bäst kondition i trädgården","Studsmattan ger skonsam, ledvänlig kondition och är kul att hoppa på i trädgården. Hopprepet är billigt, tar ingen plats och ger snabbt hög puls. Elin jämför så du väljer rätt konditionsträning i sommar. Innehåller annonslänkar.","Fitness-studsmatta jämförd med hopprep för konditionsträning hemma",Hemmaträning,studsmatta-eller-hopprep
Träning,https://smartartai.se/traning/pull-up-bar-eller-gymnastikringar,"Pull-up bar eller gymnastikringar? Överkropp hemma eller ute","Pull-up bar i dörrkarmen är enkel för raka pull-ups och chins. Gymnastikringar hänger fritt och kan tas med ut i parken – de tränar fler muskler samtidigt. Elin jämför så du väljer rätt för överkroppen. Innehåller annonslänkar.","Pull-up bar jämförd med gymnastikringar för träning av överkroppen hemma",Hemmaträning,pull-up-bar-eller-gymnastikringar
